<?xml version="1.0" encoding="UTF-8"?>
<project-private xmlns="http://www.netbeans.org/ns/project-private/1">
    <editor-bookmarks xmlns="http://www.netbeans.org/ns/editor-bookmarks/2" lastBookmarkId="0"/>
    <open-files xmlns="http://www.netbeans.org/ns/projectui-open-files/2">
        <group>
            <file>file:/C:/Folder1/Kelompok-4-TIF-B-Project-Akhir/kelompok%204/src/form/form_pemeriksaan.java</file>
            <file>file:/C:/Folder1/Kelompok-4-TIF-B-Project-Akhir/kelompok%204/src/form/detail_transaksi.java</file>
            <file>file:/C:/Folder1/Kelompok-4-TIF-B-Project-Akhir/kelompok%204/src/form/Jadwal.java</file>
            <file>file:/C:/Folder1/Kelompok-4-TIF-B-Project-Akhir/kelompok%204/src/form/form_petugas.java</file>
            <file>file:/C:/Folder1/Kelompok-4-TIF-B-Project-Akhir/kelompok%204/src/form/form_dokter.java</file>
            <file>file:/C:/Folder1/Kelompok-4-TIF-B-Project-Akhir/kelompok%204/src/form/petugas.java</file>
            <file>file:/C:/Folder1/Kelompok-4-TIF-B-Project-Akhir/kelompok%204/src/form/dokter.java</file>
            <file>file:/C:/Folder1/Kelompok-4-TIF-B-Project-Akhir/kelompok%204/src/form/Register.java</file>
            <file>file:/C:/Folder1/Kelompok-4-TIF-B-Project-Akhir/kelompok%204/src/form/transaksi.java</file>
            <file>file:/C:/Folder1/Kelompok-4-TIF-B-Project-Akhir/kelompok%204/src/form/form_login.java</file>
            <file>file:/C:/Folder1/Kelompok-4-TIF-B-Project-Akhir/kelompok%204/src/koneksi/koneksi.java</file>
            <file>file:/C:/Folder1/Kelompok-4-TIF-B-Project-Akhir/kelompok%204/src/form/form_obat.java</file>
            <file>file:/C:/Folder1/Kelompok-4-TIF-B-Project-Akhir/kelompok%204/src/form/dashboard.java</file>
            <file>file:/C:/Folder1/Kelompok-4-TIF-B-Project-Akhir/kelompok%204/src/form/form_pemeriksaan2.java</file>
            <file>file:/C:/Folder1/Kelompok-4-TIF-B-Project-Akhir/kelompok%204/src/form/form_pasien2.java</file>
        </group>
    </open-files>
</project-private>
